{"name":"Sistema de Gestão Criminal","short_name":"SGC","description":"Plataforma integrada para gestão de denúncias, casos e histórico criminal","start_url":"/","scope":"/","display":"standalone","orientation":"portrait-primary","theme_color":"#7366BD","background_color":"#FAFAFA","icons":[{"src":"/icon-192.png","sizes":"192x192","type":"image/png","purpose":"any"},{"src":"/icon-512.png","sizes":"512x512","type":"image/png","purpose":"any"},{"src":"/icon-maskable-192.png","sizes":"192x192","type":"image/png","purpose":"maskable"},{"src":"/icon-maskable-512.png","sizes":"512x512","type":"image/png","purpose":"maskable"}],"screenshots":[{"src":"/screenshot-540x720.png","sizes":"540x720","type":"image/png","form_factor":"narrow"},{"src":"/screenshot-1280x720.png","sizes":"1280x720","type":"image/png","form_factor":"wide"}],"categories":["productivity","utilities"],"shortcuts":[{"name":"Denúncias","short_name":"Denúncias","description":"Acessar módulo de denúncias","url":"/dashboard/denuncias","icons":[{"src":"/icon-96.png","sizes":"96x96"}]},{"name":"Casos","short_name":"Casos","description":"Acessar módulo de casos","url":"/dashboard/casos","icons":[{"src":"/icon-96.png","sizes":"96x96"}]}]}